TRYON,1 ABBY DR,187900,2324
ROCKY POINT,1 CLARKS LANDING LOOP RD,355399,2345
ISABELA,1 CALLE AMBAR,284749,2158
MARBLEHEAD,1 CALTHROPE RD,231673,1386
HYDE PARK,1 HALE ST,241998,2640
HARRISBURG,1 HOUSE OF REPRESENTATIV,199439,3079
MELBOURNE,1 E AVENUE B,271810,2698
LONG ISLAND,1 MESSALONSKEE RD,436820,3008
ALBANY,1 FAIRWAY CT,338510,1607
EAST HAMPTON,1 N MAIN ST,208915,2732
MILLIS,1 WINDCREST LN,259440,3076
GALES FERRY,1 RIVERSIDE PL,470648,2452
SELMA,100 BROWN LN,407823,1646
MONCURE,1 OHENSE,183860,2187
MORRISVILLE,100 GREAT LAKE CIR,297401,1669
FIVE POINTS,100 KINGS RD,322862,2627
PRINSBURG,100 3RD ST,418657,1591
JACKSON,100 CAPITAL TOWERS,214202,1717
FRANKLIN,100 OLD MILL CREEK RD,369848,2429
SCRANTON,100 TERRACE LN APT 230,240774,1259
NOMA,1003 MAIN ST,233880,2401
DIXONS MILLS,101 BLUEBIRD LN,487606,2729
RICHARDSON,101 S COIT RD STE 36,239711,2822
HOUSTON,1001 MCKINNEY ST STE 2100,367184,3092
BIRMINGHAM,101 OAKS DR,105973,3081
TIFF CITY,102 STATE ROUTE 76,384576,2027
SOCORRO,10102B N LOOP DR,451189,2476
LAWTON,10341 61ST ST NE,115716,2495
SEATTLE,10211 65TH AVE S,444514,1698
CROOKSVILLE,10499 SYLVESTER PLETCH RD NW,156471,1909
TAMPA,10240 DOUGLAS OAKS CIR APT AF-101,293503,2597
TYLER,1045 E THORNTON ST,127214,1761
DALLAS,10660 WIREWAY DR STE 200,457596,1907
KANSAS CITY,10524 WENZEL AVE,315565,2337
HOBOKEN,106 PARK AVE APT 1,487293,2982
GARLAND,1073 W AVENUE E,339289,1806
SPRINGFIELD,11 ARMORY ST APT 4R,296553,2335
BROOKLYN,1077AX CLARKSON AVE STE 1,126861,2882
IRVINE,11 LAKE RD,251320,2670
MIAMI,1094 5TH AVE SE,414486,1986
HOUSTON,114 EASTWOOD ST APT 310,370144,2195
BOULDER,111 UNIVERSITY OF COLORADO,422706,2307
SEWELL,1 ABBINGTON LN,154285,2892
RAGLAND,1 CLARKS DR,180342,3194
DORADO,1 CALLE AMBAR,137998,1884
MANATI,1 CALLEJON ROSARIO,240713,2358
MILTONVALE,1 HAINGS ST,116147,2040
WATERBURY,1 HOTCHKISS ST,443662,3069
MELBOURNE,1 E AVENUE A,409345,1996
WANAQUE,1 MENTOL AVE,301186,2683
MORRIS PLAINS,1 FAIRHAVEN DR,215567,1402
GRANVILLE,1 N LANE 1,117808,2761
JAMAICA PLAIN,1 WINCHESTER TER,367369,1423
MASSIES MILL,1 RIVERSIDE LOOP RD,348386,1293
LINEVILLE,100 BROWN DR,438716,2014
MARION,1 OHAJUN DR,275981,2244
TOTOWA,100 GRANT AVE,461934,1693
FALKVILLE,100 KINGS RD,130191,1281
FENNVILLE,100 3RD ST,137108,1752
HIGHTSTOWN,100 CANTERBURY CT,115017,1575
PURLEAR,100 OLALEK RD,347347,1979
MURFREESBORO,100 TEFEOK CT,406610,2518
WHITE HALL,1003 HUTCHINSON ST N,423658,2451
DOUGLASSVILLE,1010 MONOCACY CREEK RD N,337237,2365
LA SALLE,101 S BROADWAY,109499,1392
REDWOOD CITY,1001 MARSHALL ST STE 400,229639,1825
AUTAUGAVILLE,101 OAKS DR,178898,1937
COOLIDGE,102 STATE ROAD 50,137187,2932
HUNTSVILLE,10102 CAHABA DR SW,292119,2628
GRAND RAPIDS,1034 UNION AVE NE,464955,1854
PHOENIX,10210 N 25TH AVE STE 1342 # 8020,148444,1905
MATHER,10499 SUPERFRTRESS AVE,439694,1251
HOBOKEN,1024 WILLOW AVE APT 5,339623,3050
BERNVILLE,1045 CHRISTMAS VILLAGE RD,126596,2584
DALLAS,10660 PLANO RD STE 122,180418,1408
BIRCH RUN,10524 S BEYER RD,451840,2839
PLEASANTVILLE,106 OAK RIDGE RD,297344,2492
CLEWISTON,1073 US 27,291260,1805
SPRINGFIELD,11 ARMORY ST APT 3R,208720,1342
FARWELL,10779 N GILMORE RD,454005,1791
ATCO,11 LAKE DR,166920,1618
JACKSONVILLE BEACH,1094 16TH AVE,343286,1929
HOUSTON,114 EASTWOOD ST APT 114,331092,2603
LONG BRANCH,111 UNION AVE # 9482 # 1543,192085,1316
HUNTSVILLE,01 957TH EXT RD PMB 10059,266046,1485
REIDSVILLE,1 1ST AVE S,254045,2272
HAWARDEN,1 AVENUE M,297976,1668
OSTERVILLE,1 BEACH PLUM HILL RD,324868,1388
MONTGOMERY,0 STATE OF ALABAMA,163624,2457
YAUCO,1 CALLE 6,414332,1920
RINCON,1 CALLE MOZAMBIQUE,393078,2531
CAMUY,1 CALLE SAN JUAN N,171808,1652
ANNVILLE,1 GARRISON RD RM 1,224619,2516
CHARLESTOWN,1 GRANTS CT,311425,2367
STRATFORD,1 HELEN PL,391566,2027
TEWKSBURY,1 HILLCREST RD,451558,2993
NORTH ATTLEBORO,1 BUCKTHORN LN,349074,2174
OXFORD,1 DEERFIELD RD,204305,1601
PASSAIC,1 MARKET ST # 2236 # 1566,175317,2182
HOLMDEL,1 MCHUPS DR,203377,2407
GROSSE POINTE,1 LAKESIDE CT,353431,2487
STATEN ISLAND,1 LINDBERGH AVE,155853,1457
CHARLESTOWN,1 PRESCOTT ST,451163,2604
GARFIELD,1 KARL PL APT 42,189007,1273
READING,1 THORNDIKE ST,232185,1216
PALM COAST,1 WHITE HALL DR,258830,1326
NATURAL BRIDGE,1 WAMITA LN,369509,2353
GLADE VALLEY,1 RICH HILL MOUNTAIN RD,215685,3171
DEL RIO,100 AVENUE J,193707,2836
FAIRVIEW,100 BERGEN BLVD APT C3,327466,3127
SANTA ISABEL,10 BDA MONSERRATE PMB 13281,192540,2095
BOSTON,10 CAUSEWAY ST RM 601,443760,2908
NORTHAMPTON,10 HENSHAW AVE,473869,1440
SAINT LOUIS,10 N TUCKER BLVD RM 1300,121780,1446
CORDOVA,100 HOLLEY RD,344455,1826
DAVISTON,100 JACKSONS LOOP,390548,1689
APALACHIN,10 SHADY HILL RD,482582,2932
FAIR LAWN,10-41 HENDERSON BLVD,249293,2869
MORRISVILLE,100 LAKE BRANDT RD,327121,2392
HORMIGUEROS,100 CALLE N,448531,2997
THOMASVILLE,100 N ANDREWS DR,341638,1737
JASPER,100 OAK BND,484570,1756
ATLANTIC CITY,100 S BERKLEY SQ PH 2N,438000,1701
HARRISBURG,100 SPRING ST APT B1,205274,1358
NORMAN,1000 ASP AVE RM 105,127365,2864
THOUSAND OAKS,1002 CALLE PINATA,116980,1799
FORT WORTH,100 CITATION ST,211764,3004
BIRMINGHAM,100 CROSS CREEK CT,161519,1628
CAVALIER,10076 143RD AVE NE,108804,1616
NEWTOWN,101 W WASHINGTON ST,234818,2466
HARVEST,101 DEER RUN LN,308458,1326
LINCOLN,101 PARKS AVE,451146,2155
LOUISVILLE,10001AG LINN STATION RD STE 105,471767,1702
SAN GERMAN,1001 CALLE 4,224783,2194
PRINCETON,101 HAMILTON HALL,438739,1566
SULLIGENT,101 MURRAYS RD,258194,2102
HOUSTON,10157 WESTVIEW DR APT 203,280675,1914
MONONI,102 KREGEL ST,391524,1793
GRIDLEY,102 BOULDER DR,343019,3184
LOUISA,102 HIGHWAY 1760,250382,2552
BURIEN,1031 N 129TH ST,429538,2037
GRAND RAPIDS,1033 HERMITAGE ST SE,490290,1406
HIALEAH,1035 W 42ND PL,228101,1459
LOUISVILLE,10203 SUMMIT PARK PL APT 101,226935,1884
ROCKY MOUNT,1041 NOELL LN STE 102,235109,2509
CLIVE,10428 JUAN CALLE PMB 102959,490165,2918
ROCKWALL,1022 N COUNTRY LN,387119,2907
PHOENIX,1023 S 11TH AVE APT 274 # 930,234607,2495
LOUISVILLE,105 DAVENTRY LN STE 300,141749,2497
ELGIN,1044 FOREST DR,157772,3103
PALM COAST,104 RED MILL DR,432705,2280
BAY CITY,1065 COUNTY ROAD 230,260865,1767
GASTONIA,1050 BUCKINGHAM AVE,458731,1462
JOLIET,1051 ESSINGTON RD STE 100,332054,2209
BLUE BALL,1058 MAIN ST,149187,3113
MAYAGUEZ,106 CALLE RAMON FREYRE,172132,3094
PORTLAND,10461 SE COOK CT APT 157W,249798,1512
BOLTON,10488 GREEN SWAMP RD N,120027,2590
MANATI,107-1 BO SABANA SECA,214230,1935
FRESNO,1072 E EUGENIA AVE,114804,2447
HOUSTON,10804 FALLSTONE RD STE 200,108716,1224
LOOGOOTEE,107 JOHN ST,292907,2679
MAYAGUEZ,108 CALLE AMERICA,446280,2838
POULSBO,108 NE TORVAL CANYON RD,254720,3141
AVISTON,10900 DRIVE IN PLZ,286904,2262
MOUNT VERNON,1092 S MARKET ST,468517,1798
CENTRALIA,1099 N LINCOLN BLVD,128460,1847
BERLIN,1139 PAINE TPKE S,332988,3136
DEXTER,1204 E OAK ST,281771,1525
HOBOKEN,111 RIVER ST STE 3 # 1659,288940,2355
BAYVILLE,118 CREEK RD,147478,2506
HOT SPRINGS,1206 MALVERN AVE,309683,2186
SAVANNAH,1 ABBIE WAY,423494,2349
EAST HAMPTON,1 CLARKHURST RD,175175,1388
LAJAS,1 CALLE AMATISTA,476674,1650
CABO ROJO,1 CALLEJON MATADERO,387064,3127
MAPLETON,1 HAIARG RD,194949,1600
COLUMBIA,1 HOSPITAL DR,381226,1406
WASHINGTON,1 DUPONT CIR NW STE 650,107484,1379
SUSSEX,1 MEMBUR RD,129257,2172
MAYNARD,1 FAIRFIELD ST,348440,3189
OKLAHOMA CITY,1 N HUDSON AVE STE 850,413997,2585
CHESTERFIELD,1 WINCHESTER RD,227155,1935
PERRYVILLE,1 RIVERSIDE LN,364091,2745
GALLION,100 BROWN DR,312027,1465
KEARNY,10 E MIDLAND AVE # 7161 # 1548,239885,2498
HUNTSVILLE,10 SAPSIDE INN LIGHTHOUSE LANE PMB 10007,414103,2948
ETHELSVILLE,100 KINGS RD,156781,2388
RICHFIELD,100 3RD PARK DR,279278,1860
LIBERTY,100 CANEY FORK CREEK RD,375321,1980
PLEASANT HILL,100 OLACHE TRL,321936,2012
WEST CREEK,100 TANGLEWOOD DR,241342,2785
HAMMONTON,1003 FOREST DR,342355,1312
SAINT LOUIS,1010 MARKET ST STE 1750,458113,2449
GREENVILLE,101 S AVENUE A,158514,3137
PHILADELPHIA,1001 MARKET ST STE 51,144227,2735
HOUSTON,101 OAKLEAF CIR,485144,2992
NORTHVILLE,102 STATE HIGHWAY 30 PMB 6893,283854,1761
ALTO,10102 68TH ST SE,205209,1439
UNION,1034 SALEM RD,121226,2786
RIVERSIDE,10210 GOULD ST APT AN-101,200974,2005
OAK LAWN,10499 S KNOX AVE,276741,1275
HOBOKEN,1024 WILLOW AVE APT 3 # 1229,210678,2368
BRONX,1045 ANDERSON AVE APT 5A,352673,2650
LAMOURE,10660 HIGHWAY 13,465479,1840
PORTAL,10522 81ST AVE NW,145908,2137
WINSLOW,106 NAVAJO DR,390378,2136
WELLINGTON,1037 S STATE ROAD 7 STE AF-111,204298,1863
SPRINGFIELD,11 ARMORY ST APT 2R,309819,1512
WOODSTOCK,10779 HERNWOOD RD,482572,2542
EDISON,11 KOSTER BLVD APT 3A,149781,1334
DUNDEE,10939 LOWER TRAIL RD NW,275286,1374
EVERETT,114 E MAIN ST APT 3,485023,2996
SAN FRANCISCO,111 SUTTER ST STE 550 PMB 1045,247224,1651
WARETOWN,1 CROSSWIND RD,107084,2042
ALTON,0J EAST HWY,107466,1740
NEWARK,1 ABBEY RD,429561,2121
HONOLULU,1 ALOHA TOWER DR UNIT 220,223136,1401
CAMPTON,1 BACK STREET RD,117729,3079
GRANT,1 CLARK RD,430196,3116
LINCOLN,1 BLACKSMITH RD,203802,3081
GUANICA,1 CALLE 13 DE MARZO,270622,3171
VEGA ALTA,1 CALLE AMANECER,263355,2575
GURABO,1 CALLE F S,226912,3066
CIALES,1 CALLE MUNOZ RIVERA,437332,1747
CABO ROJO,1 CALLEJON DAVID DIAZ,341507,3136
MOUNT VERNON,1 CHESTERWOOD AVE,236282,1284
UNIVERSITY OF RICHMOND,1 GATEWAY RD,122037,1806
HANCOCK,1 GURNEY-BROWN RD,475934,2046
BREWTON,1 JAYS LN,311536,3116
POINT PLEASANT BEACH,1 HENDRICKSONS ROW,437713,2295
SIMSBURY,1 HOSKINS RD APT 4A1,191076,2537
CALIFON,1 BRIDGE HOLLOW ESTATES RD,103210,2271
FORT WORTH,1 BULLDOG RD,407513,1304
WASHINGTON,1 DUPONT CIR NW STE 620,290022,2389
PHILADELPHIA,1 LOGAN SQ FL 17,104147,2669
PEAKS ISLAND,1 MARRINER CT,313813,2074
BELLMAWR,1 MELFIT RD,388005,3086
CONCORD,1 MUSKETAQUID RD,149689,1274
COLUMBIA,1 LAKEVIEW CT E,450343,3136
SAVANNAH,1 FAIRFIELD CT,224401,2159
HARRISBURG,1 PHEAA,474134,2504
WARETOWN,1 PRIVATEER CV,308642,3181
OKLAHOMA CITY,1 N HUDSON AVE STE 450,481988,2123
MASHPEE,1 NORTHWEST LNDG,265433,2168
ORMOND BEACH,1 TIMBERLAKE LN,267593,1715
LEXINGTON,1 WINCHESTER DR,112526,2493
NASHVILLE,1 VANTAGE WAY STE D115,470419,1278
ISELIN,1 WASHINGTON AVE,172882,2590
WEBSTER,1 RIVERSIDE DR,136676,2515
SONORA,1 S HUTLED LN,215640,1404
RALLS,100 AVENUE O,256728,2848
BOULDER CREEK,100 BROOKSIDE DR,315593,1423
HANSON,1 WOODLAND DR,406622,2527
SAINT CHARLES,10 BEL RAE CT APT 108C,159651,2485
MONTGOMERY,10 E DELANO AVE,352303,2120
SCARBOROUGH,1 SPRINGBROOK LN,148813,2332
EATONTOWN,10 INDUSTRIAL WAY E STE 2580 # 1,144735,2487
HUNTSVILLE,10 SAPSIDE INN LIGHTHOUSE LANE PMB 10002,322608,1333
WAKEFIELD,100 MAUTUCKET RD,142030,3141
MC VEIGH,100 HOMEMADE CV,320246,2248
BYNUM,100 KINGS RD,191187,2364
DIXONS MILLS,100 FIRE TOWER RD,168292,1508
NYACK,10 SOUTH BLVD APT J,348509,1906
NEVIS,100 3RD AVE,439538,2626
GORDON,100 ANN ST,104078,1476
MORRISVILLE,100 LAKE HICKORY BLVD,426009,2004
WALHALLA,100 CANE CREEK LANDING RD,484633,1908
CARPENTER,1000 PRAIRIE GRASS ST,305541,2657
TITUS,100 N ANDREWS ST,106884,2526
MOUNT HOLLY,100 OHMOYO ST,248219,2496
HAMDEN,100 PROMENADE DR,149244,2185
APACHE JUNCTION,100 S HASSETT CRK,185624,1670
EASTON,100 SUTTON PL,154487,2741
CLARK,100 WALNUT AVE STE 200,220702,1682
ELLSWORTH,1000 AVENUE O,396274,2905
COOPER,1003 FM 1528,406140,3138
KIRKLAND,10054 132ND AVE NE,273721,3073
ENTERPRISE,100 CLUBVIEW DR,149066,1311
HEADLAND,101 BEAVER RUN DR,215607,3143
MAPLETON,10078 W LAKE LANCELOT DR,407414,1798
HUNTSVILLE,1010 LONGWOOD DR SE,143782,2367
MAYAGUEZ,101 CALLE MENDEZ VIGO W,380493,1342
CHAMPAIGN,101 DEVONSHIRE DR STE G,475025,1630
DUTTON,101 S ANDREWS ST,419670,3110
HOBOKEN,1009 GARDEN ST APT 1 # 1978,451226,1539
DUNNELLON,10003 SW 125TH COURT RD,341096,1202
HALF MOON BAY,1001 MAIN ST APT 105A,364920,2834
BEACH HAVEN,101 ENGLESIDE AVE # 7415 # 1748,194448,2797
SHELBY,101 HAWKS CV,334952,2276
PIEDMONT,101 OAK ST,115924,1856
FULTON,1014 6TH AVE,256099,2811
HOUSTON,10157 WESTVIEW DR APT 77,218685,2849
NAUGATUCK,102 SPRING ST APT 2F,396498,2039
BRONX,1018 E 233RD ST,452050,1260
ARECIBO,102 CALLE 1,256355,2497
LARGO,10101 SAILWINDS BLVD S APT AQ-101,231790,2201
MANILLA,10112 W 100 S,192886,1261
MESA,1031 S STEWART APT 411 # 7459,328552,1539
HARRISBURG,1034 PAXTON ST,198317,1941
DETROIT,101 JEFFREYS RD,149819,1447
ASTORIA,10353 E MORNING STAR HWY,316110,2655
SUN LAKES,10210 E HERCULES DR,150012,1605
OSWEGO,104 W UTICA ST STE 1,317634,1922
KENWOOD,10410 SONOMA HWY,100437,1463
DEMOTTE,10499 PHEASANT TR N DR,459612,1281
BLAWNOX,103 DOGWOOD LN,283811,1778
ALLEN,1022 S GREENVILLE AVE STE 100,438428,2713
HOBOKEN,1024 WILLOW AVE APT 1618 # 1,145530,2375
GREENSBORO,1027 E FLORIDA ST,170247,3188
BLANDING,105 E 500 N,347029,2333
DUNNELLON,10449 SW 188TH AVE,357044,3095
HOBOKEN,104 11TH ST APT 1,126740,2950
WORCESTER,104 SAINT NICHOLAS AVE,491103,2477
PUEBLO,1066 W 19TH ST,117840,1647
RIGA,10699 LAKE RD,103514,1538
CEDAR RAPIDS,1050 MEMORIAL DR SE,238962,2298
LOUISVILLE,10521 SHADOW RIDGE LN APT 101,458575,2145
STAMFORD,1055 WASHINGTON BLVD STE 408,400654,2081
DALLAS,10580 HIGH HOLLOWS DR APT 170,433435,2706
GREENSBORO,106 N NOCHO ST,328795,2665
DOVER,1061 S LITTLE CREEK RD TRLR 40,417454,1263
NORTH PLAINS,10466 NW 313TH AVE,108756,2480
JONESBORO,1037 N CHURCH ST,415102,1471
FORESTPORT,10759 STATE ROUTE 28,190806,3127
BROOKLYN,1070 OVINGTON AVE,151866,2890
SPRINGFIELD,11 ARMORY ST APT 1R,311952,2745
MATAWAN,11 DELAWARE CT APT A,416655,2394
ALTO,10807 100TH ST SE,358840,2739
GRETNA,10776 S 213TH ST,193984,2584
LOS ANGELES,10828 PALMS BLVD APT 1,497177,1687
SABANA GRANDE,108 CALLE PAPAYO,444341,1881
MILLPORT,11 KINGS RD,417122,2715
DALE,10871 FM 1854,425114,2289
HOUSTON,10901 TELEPHONE RD APT 88,179123,2493
AUSTIN,10938 HILLSIDE DR,218867,2740
BROOK,10969 S 50 E,251594,1381
LEXINGTON,1099 PR 4152,420524,2002
GLENSIDE,114 E GLENSIDE AVE,392203,2378
ELMIRA,1178 COUNTY ROAD 60,314637,3116
URBANA,1204 W HILL ST,320975,2533
JERSEY CITY,111 STORMS AVE APT 10A,420844,1364
ROSLINDALE,114 NEPONSET AVE,275414,2388
FULLERTON,118 E TRUSLOW AVE APT A,371618,1371
HINGHAM,1 CONSTITUTION RD,245255,3028
SOUTHBRIDGE,1 CORRIVEAU AVE,410935,1912
EGG HARBOR TOWNSHIP,1 COURTLAND CT,163099,2477
TOLEDO,0 W SYLVANIA AVE,378571,3102
BEEBE PLAIN,0J EAST HWY,258190,2218
PINSON,1 16TH FAIRWAY CV,297997,2387
PASSAIC,1 3RD ST # 5744 # 4056,162232,2785
SEAMAN,1 ADA LN,245232,2269
MIDLAND CITY,1 ADAMS ST,453187,1528
WEST SIMSBURY,1 ALBANY TPKE,474178,2427
NORTHBRIDGE,1 ARROWHEAD AVE,401382,2144
PALMYRA,1 BADGERBOROUGH RD,328398,1812
WASHINGTON,1 BASS CIR SE APT AO-101,155318,1946
PEMBROKE,1 CHICKADEE LN,255282,2354
EVA,1 COBBS RD,486739,1334
LYNN,1 BELLEAIRE AVE,364987,1860
GLEN ROCK,1 BIRCHWOOD RD,492502,2080
BOXHOLM,0 MLK DR,374426,1478
YAUCO,1 CALLE 1RO DE MAYO,131197,1965
ISABELA,1 CALLE 5,135822,2147
LAJAS,1 CALLE A,456682,2369
ARECIBO,1 CALLE C,126701,1294
VEGA BAJA,1 CALLE CAMINO DEL VALLE,250685,2060
YAUCO,1 CALLE D BO VILLA ESPERANZA,332742,1719
VEGA BAJA,1 CALLE MARGINAL,337690,2235
ISABELA,1 CALLE OTERO,449261,1895
ADJUNTAS,1 CALLE SALVADOR LUGO,495734,2088
MAYAGUEZ,1 CALLE TAMARINDO NORTE INT,361428,1455
LAKEWOOD,1 CARASALJO DR,426900,1283
HORMIGUEROS,1 CARR 114,381784,2768
MAUK,1 CEDAR CREEK MILL RD,143609,1934
LESTER,1 FOXCHASE DR,145632,1380
SYRACUSE,1 GENERAL MOTORS DR STE 2,422693,2801
NORTH ATTLEBORO,1 GRANDVIEW DR,191712,2970
MILL VALLEY,1 GREENFIELD CT,173056,1837
MARBLEHEAD,1 INDEPENDENCE WAY,243278,1348
LEWISTON,1 INGOME AVE,461355,2050
ISABELA,1 ISABELA BEACH CT,148652,1760
LONGMEADOW,1 HAWTHORNE ST,441915,2607
RUTLAND,1 HERITAGE HILL CIRCLE PL,315912,2098
METHUEN,1 HIGHWOODS DR,188313,2026
METHUEN,1 HILLVIEW DR,418676,1620
VANDIVER,1 HUNTERS LN,442831,2100
REVERE,1 HUTCHINSON ST,235098,2549
CUBA,1 DEER RUN DR,296813,1284
JASPER,1 BROWNS LN,283369,2402
NUTLEY,1 BURNETT PL,263653,2345
BERLIN,1 DEERFIELD CT,376534,1631
MOSCOW,1 DIFFEE RD,249060,3042
MILLVILLE,1 E VINE ST # 1738 # 1411,140236,2311
NEW BEDFORD,1 EASTLAND TER,195780,2118
SENOIA,1 ELDERS MILL ESTATES DR,351854,1485
HARPERSVILLE,1 MAPLECREST PLZ,453496,2703
LINDEN,1 MARSH CREEK SPUR RD,269175,2677
DUMONT,1 MCCRTH ST,281900,3126
WOODBURY,1 MEADOWBROOK LN,175013,2551
CHATHAM,1 MONOMOYIC WAY,250259,3169
HOLDEN,1 MOONLIGHT DR,454259,1665
EPSOM,1 MOUNTAIN VIEW SPUR RD,273793,1647
HAVERHILL,1 LACKEY ST,462821,3053
CLAY CITY,1 LAKEVIEW DR,206239,1931
MISHAWAKA,1 LIBERTY SQ,311030,2550
FLORIDA,1 EST DE FLORIDA,475191,1638
HOPE HULL,1 OWENS DR,456239,1821
FREEHOLD,1 PARK AVE,155809,3183
TOLLAND,1 PARTRIDGE LN,446366,1958
CARVER,1 PONDVIEW WAY,279990,2191
BEACON,1 PROSPECT STREET MD,308726,1867
LYNN,1 JOHNSONS TER,198725,3090
EAST AMHERST,1 MUZUHR CT,128894,2603
BOSTON,1 NARRAGANSETT ST,462989,1719
TINTON FALLS,1 NATALE WAY,250838,1766
WARWICK,1 NIGHTINGALE AVE,197597,1725
MANCHESTER,1 SYLVESTER ST,306338,2557
NASHUA,1 TIMBERLINE DR,294454,2046
AUGUSTA,1 WESTVIEW ST,341998,2704
SWAMPSCOTT,1 WILLIAMS TER,415348,1465
SUDBURY,1 TRAILSIDE CIR,270585,2653
VAN NUYS,1 U S PURCHASING EXCHANGE,240591,1834
CABO ROJO,1 URB RAMIREZ,114787,2182
CASTILE,1 W MULIPA ST,223298,3006
PRINCETON,1 WASHINGTON RD,447991,2717
SABANA GRANDE,1 RES LA TORRE,259372,1983
NORTH HAVEN,1 RIDGEWOOD AVE,136773,2491
WEST HAVEN,1 ROBERTS ST,234617,1528
ENGLISHTOWN,1 ROCKINGHAM CT,238723,1688
WEST BATH,1 ROSEDALE RD,269576,2648
SAN GERMAN,100 AVE UNIV INTERAMERICANA,310853,2536
LEXINGTON,100 BABETTE DR,494659,1285
BLOUNTSVILLE,100 BEAVERS RD,238564,2146
ASHVILLE,100 BLUEBIRD LN,286349,3103
VINCENT,100 BUCKS DR,189805,1708
SAN ANTONIO,100 CALLE 6,133588,2502
MOROVIS,100 CALLE ARMANDO MEJIAS,492234,2071
DORADO,1-17 SEC 2,487214,1235
ALBIA,10 BENTON AVE E STE 5,470580,1752
ARECIBO,10 CALLE E SANTA MARIA,468175,2793
PISCATAWAY,10 CORPORATE PL S STE 202,113800,1838
BURLINGTON,1 SHELBURNE ST,175285,1452
SOMERSET,1 SHOPPING CENTER RD,485644,2250
MARLTON,1 SNAPDRAGON LN,216241,1822
JOLIET,10 FAIRLANE DR STE 101,407508,2629
ANDOVAR,10 LAKE VIEW DR,113928,1792
MOBILE,10 N HALLETT ST APT 1380 # 11470,252990,1242
KEARNY,10 PORT KEARNY STE B,235552,2658
TROY,100 LESTERS RD,297700,2810
SHERIDAN,100 LIMLTY ST,372116,2638
SYRACUSE,100 MADISON ST STE 800,123597,2729
ENTERPRISE,100 HIGHLAND DR,247896,1279
PITTSVIEW,100 HOOKS RD,179884,1875
INDIAN SPRINGS,100 INDIAN TRAIL RD,122852,1452
WEST MINERAL,100 JOPLIN ST,345622,3156
NORMAN,100 E BOYD ST RM P119,469035,2497
SAMSON,100 E OWENS ST,218573,1421
BRONX,100 ERDMAN PL APT 18A,409996,1721
HUNTSVILLE,10 SAPSIDE INN LIGHTHOUSE LANE PMB 10062,354223,1331
WOBURN,10 STATE ST STE 2A,328584,2009
AGAWAM,10 WOODCLIFF AVE,412055,2413
GRANITE CITY,100 1ST ST,380092,1525
FLOYD,100 ABRAHAMS PL NE,351099,1278
BROOKLAND,100 ADAMS ST,456599,1444
MURRAYVILLE,100 AMANDA DR,437545,2344
NEW BEDFORD,100 DIVISION ST,436305,3006
MORGAN CITY,100 LAKE PALOURDE BYPASS RD,234420,1621
MAYAGUEZ,100 CALLE JULIO MARTINEZ APT 40,476974,2272
CABO ROJO,100 CALLE SAGRADO CORAZON,319310,3200
MARICOPA,1000 EYRING CT,364769,1524
CHOUDRANT,1000 HIGHWAY 556 # 2406,490853,2369
FAIRFIELD,1000 N 4TH ST,424355,1747
HOUSTON,10000AF MEMORIAL DR STE 620,378123,2372
OKLAHOMA CITY,100 N BROADWAY AVE STE 3000,313643,1862
BOONE,100 NISHIP ST,360589,1411
ARAB,100 OAK HILL LN,394077,2063
AGUADA,100 PARC ESPINAL,384739,2071
ALEXANDER CITY,100 PARKS AVE,337688,1879
FALLS CITY,100 PIEGAO ST,289811,2171
WEST PARIS,100 ROSENBERG RD,284638,1837
SEDGWICK,100 S MAIN ST,123001,1805
NEW CASTLE,100 SMALLS FERRY RD,188498,1987
FAYETTE,100 STATE ROUTE DD,305142,1527
MAYAGUEZ,100 VILLA SONSIRE,471726,1322
BAYONNE,100 W 33RD ST APT 6,165297,2383
ALBERTVILLE,100 W DONS AVE,189385,1480
BLOOMINGTON,100 YINTEA LN,170298,1268
ELLSWORTH,1000 AVENUE T,265576,2942
SAN ANTONIO,10017 TIGER BAY,348092,3097
NEW RIVER,1002 W PONTIAC DR,180767,1743
LAMPASAS,1004 E AVENUE I,121445,3075
QUEEN CREEK,1004 W DESERT VALLEY DR,381324,2731
CAROLINA,1005 COND AMAPOLA,249011,1795
TITUS,100 CEDAR RIDGE CT,142023,2894
OHATCHEE,100 COBB RD,413298,2333
KOSCIUSKO,100 COURTHOUSE STE 1,166178,2882
GARLAND,1000 CARRIAGEHOUSE LN,447603,1973
AURORA,1000 CORPORATE BLVD STE A,193720,1964
MAYAGUEZ,101 AVE GONZALEZ CLEMENTE,320148,1527
DES MOINES,1007 E GRAND AVE RM 214,277198,2627
ARKADELPHIA,1008 26TH ST,401941,2533
URBANA,101 W PARK ST APT 201,441596,3062
KEARNY,101 WILSON AVE # 8980 # 1701,380323,1736
ASHFORD,101 BROWNS LN,420660,1842
BAILEYTON,101 BRYANT RD,186391,1207
ARECIBO,101 CALLE A BDA VIETNAM,337096,1739
AVERY,101 COUNTY ROAD 3312 BLVD,476271,1792
EUTAW,101 DRUMMONDS LN,114021,1826
FREEHOLD,1001 W MAIN ST STE A,337430,1480
HACKENSACK,101 PROSPECT AVE APT 6F,164104,1954
HARTFORD,101 SPRING ST APT 3S,382706,1851
MESENA,101 TAMBENS RD,187026,2352
HOUSTON,1008 WIRT RD STE 100,384960,2104
COMFORT,100O BLUE RDG,483054,1725
LANGDON,10005 105TH AVE NE,346193,2001
ANSON,1001 AVENUE O,490553,1941
BRONX,1001 EINSTEIN LOOP APT 1A,126834,2861
GENEVA,1001 SANDIDGE RD,220373,2736
WEST BOXFORD,1001 SANDIDGE RD,139320,1405
LOCUST FORK,101 E OWENS ST,135572,1828
UNION SPRINGS,101 GOLDENROD LN,142460,2564
MORRISVILLE,101 MADISON GROVE RD,333549,1293
MORRISVILLE,101 MONUMENT VIEW BLVD,491087,2438
WARRIOR,101 N OAKS DR,244012,2343
SHEFFIELD,101 OWENS ST,403615,2241
SHEFFIELD,101 PARK BLVD,479245,2132
DUNDEE,10128 FALLS SPRING RD NW,438400,1531
MARE ISLAND,1015 SHASTA,116628,2317
UNION CITY,10157 YOUNG RD,347018,3199
ROSENDALE,10161 COUNTY ROAD 139,428467,1666
HAMILTON,102 N RICE ST STE G,259933,2795
HOBOKEN,1020 ADAMS ST APT 112,341345,2134
MANHATTAN,1020 GARDEN WAY APT A,351168,3009
OCEAN ISLE BEACH,1017 RUSSTOWN RD NW,193924,2653
EL DORADO,101AB W MAIN ST STE 300,102750,1847
ISABELA,102 CALLE 9,116200,1426
MOUNT AYR,102 E RENSSELAER ST,102164,2449
BRADFORD,1010 W LOWELL,163941,3167
HOUSTON,10108 KEMPWOOD DR APT AT-1143,197318,2240
BRONX,1011 CARROLL PL APT 3H,321768,1204
HENDERSON,1011 WESTWOOD DR,116070,2205
JEFFERSON CITY,10300 ROUTE D,287253,2973
KILL DEVIL HILLS,1031 W 5TH ST,367284,2219
LANGDON,10327 96TH ST NE,277829,1771
SAINT LOUIS,10331 OXFORD HILL DR APT 7,303563,1731
GALLANT,101 HICKORY HILL RD,307513,3018
CUSSETA,101 HOLLY HILL DR,125314,1444
PRATTVILLE,101 HUNTS ALY,250263,2583
HENDERSON,101 LEMLEY AVE,110576,2421
WILLS POINT,10358 FM 859,266970,1266
HOUSTON,10201 TELEPHONE RD APT 54A,473684,2116
AUSTIN,1021 AIRPORT BLVD,158537,3080
BUDE,103 SECOND ST,132918,1812
MUIR,103 W GARDEN,469099,1851
HOBOKEN,1030 HUDSON ST APT 5 # 2078,430433,2154
BRIGHTON,10407 GRAND RIVER RD STE 600F,231170,2933
PORT RICHEY,10411 PURPLE LN,491880,2792
MONON,10422 S 60 E,400974,2496
LEMOYNE,1043 MUMMA RD STE C,222305,1594
TWIN FALLS,1029 SPARKS ST N,473466,2830
ALLENDALE,10295 42ND AVE APT 1101U,285098,2105
BUTLER,103 ARCH ST STE A,389365,2252
ORLEANS,103 RT 6A,329837,1398
MARATHON,1022 TURNER HILL RD,186894,2402
ROCKWALL,1023 MORNING STAR # 11575,383815,2469
AUSTIN,10235 OAK HOLLOW DR,353740,2488
CLEWISTON,1025 US 27,137034,2762
ORLANDO,10250 FALCON PARC BLVD APT 101V,333347,1549
HOBOKEN,1026 HUDSON ST APT 2220 # 3R,134756,2212
WALBRIDGE,105 BLAIR DR APT 1,300191,3026
CHAMPAIGN,105 E GREEN ST APT C7,493313,2857
BOSTON,105 P ST,411693,3126
HOUSTON,10440 SOUTH DR APT 1013,349785,2263
ADEL,1038 JUDSON ST,344356,3061
CLEWISTON,1038 US 27,391468,2289
HAZLETON,1039 W 15TH ST,397959,1583
PERRYVILLE,104 N FRENCH LN,498800,2137
LAKE GEORGE,104 STATE ROUTE 149,386978,2343
CLEWISTON,1064 US 27,326951,3070
OAKES,10650 96TH ST SE,169049,1754
NORTH PLAINS,10674 NW JACKSON SCHOOL RD,327736,2814
TUSCUMBIA,1068 HIGHWAY 20 # 741182,468265,2524
NORMAN,1069 MADISON ST,335067,2208
NEW YORK,105 W 55TH ST PH 2,434725,2549
EAST PEORIA,1050 N MAIN ST,104057,1874
LOUISVILLE,10508 MONTERAY PLACE CIR APT 1,335013,3187
AZLE,10513 FM 1886,166276,1933
EVERETT,10532 18TH PLZ SE,482562,2781
WAHPETON,1054 5TH ST S,459371,2335
BLANCHARD,10542 S WOODRUFF,388151,2454
WATERFORD,10570 DONATION RD,144738,2131
PORTAL,10581 85TH AVE NW,427406,1417
SMITHVILLE,106 ALUM CRK E,473433,2272
SOUTH HACKENSACK,106 E GROVE ST,372175,2202
CAMBRIDGE,106 UPPER ROAD WAY,288256,2906
AVON,106 W SPRING ST APT A,411151,1279
HOUSTON,10601 SOUTH DR APT 119,364014,2597
HOUSTON,10451 HUFFMEISTER RD APT 1608,380763,1695
LAKEWOOD,1047 FIFE CT,181027,2277
JOPLIN,1048 W A ST,468904,1625
LORAIN,1049 TOWER BLVD APT M,450402,2220
GREENSBURG,1074 CRANSTON DR,182454,1283
BEACH CITY,10740 CRESTLINE ST SW,450622,1525
AMERICUS,1075 N MARTIN LUTHER KING JR BLVD,432740,2750
MILLERSVILLE,107 SOLOMONS RIDGE CT,391934,2305
KEYSTONE HGTS,1070 SW POINTVIEW RD,260832,2884
SAINT LOUIS,10714AT MANCHESTER RD STE 203,107000,1641
HARRISBURG,10727 N ROUTE E,480211,3103
YAUCO,11 CALLE ABOLICION,402622,2462
SANTA ISABEL,11 CALLE BETANCES,280818,1654
CHICOPEE,11 CECILE DR,293609,1660
MIAMI,1080 FIRST UNION FINANCIAL CTR,206868,1488
CANAL WNCHSTR,1081 CHESTER WAY NW,471384,3139
PIKE ROAD,107 FOXHALL RD,256703,1462
NEWARK,107 MOUNT PROSPECT AVE,303118,1828
LAYTON,1079 N 2200 W,237495,1967
SEATTLE,10794 EVANSTON AVE N,429524,2300
WILSON,1082 CORBETT AVE NE,270198,2601
VERNON ROCKVL,108 1/2 WEST ST,384966,1714
ISABELA,108 CALLE VILLANUEVA,290139,2084
MANCHESTER,108 MIDDLE TPKE W,423829,2955
MCKNIGHT,108 SUNSET DR,213571,2854
NORTH READING,11 PARK ST,139209,1669
LAKEWOOD,11 PINEHURST DR # 5695 # 3348,411263,2910
AUSTIN,1086 HILLSIDE AVE,446167,1660
HEBER CITY,1090 E 530 N,132707,1899
NORTH HOLLYWOOD,10903 CAMARILLO ST APT 101O,284048,1898
SAN ANTONIO,10918 ALBEON PARK DR S,297398,1977
NORWICH,1093 22ND AVE SE,227207,2971
HUDSON,10946 SHADY DR,307842,2852
CEDAR RAPIDS,1095 QUARRY AVE SW,179709,2927
NORTH MIAMI BEACH,1096 CHARGER DR,183845,1246
MONON,10987 S 310 E,265286,2470
CENTRALIA,1099 S LINCOLN BLVD,389379,1451
DEVILS LAKE,1139 7TH AVE SE,456982,1597
FARGO,114 36TH AVE N,327151,2604
MIAMI,1176 I ST NW,130488,2904
KIRKLAND,11761 NE 75TH PL,311639,1548
HOUSTON,1177 WEST LOOP S STE 450,134504,1814
BRONX,1203 WESTCHESTER AVE APT 4A,111528,3104
HOBOKEN,1204 WASHINGTON ST APT 2N # 2499,314981,1421
HOBOKEN,111 NEWARK ST APT 1V,220446,3196
PHILADELPHIA,111 S INDEPENDENCE MALL E STE 51,283811,2790
CAROLINA,1110 COND MARBELLA DEL CARIBE,254460,2755
ATCO,114 HAYES MILL RD APT C305,371947,3012
ATCO,114 HAYES MILL RD APT F111,341343,2959
FARGO,118 BROADWAY N STE 711,407639,2826
POUNDING MILL,118 FORSYTHIA ST,460889,1564
BAYONNE,118 W 13TH ST APT 1,279231,2451
DENVER,1 COLO DEPT OF MOTOR VEH,223176,1881
NEW HAVEN,1 COLUMBUS PLZ STE 1700,429785,2952
NORTON,1 CRANBERRY LN,117022,3002
CROMWELL,1 CUDKIS DR,391051,2343
HUNTSVILLE,01 957TH EXT RD PMB 10037,129970,2828
WHEATON,0N798 WEST ST,451562,1407
SIDNEY,1 008RURALROUTE,406226,2033
BROOKLYN,1 101ST AVE,185734,1333
PRINCETON,1 ABERNATHY LN,265571,2548
NEWPORT,1 ABNAKI DR,444517,2800
WOODBURY,1 ALFORD RD,280563,2282
PROSPECT HILL,1 ANDERSON LN,382333,1309
CAROLINA,1 AVE ROBERTO CLEMENTE APT 16,268119,2150
SCOTTSVILLE,1 BARREN RIVER DAM RD,447094,1845
SCITUATE,1 BARRINGTON WAY,362895,1831
KINGSTON,1 BARRY ST,479275,3131
IRVINGTON,1 CLEMENTS PL,362538,2746
CARROLLTON,1 CLEMENTS ST,436400,2598
MIAMI,1 BISCAYNE TOWER STE OOO1,369332,2337
ONEONTA,1 BLUE BIRD LN,208221,2697
ALBANY,0 OFFICE GENERAL SERVICES,253004,1499
YAUCO,1 CALLE 4,440802,1496
YAUCO,1 CALLE 4 JARD DE NARANJITO,326325,1332
YAUCO,1 CALLE 4 LOS PINOS,185902,3160
ARECIBO,1 CALLE B,396081,1352
VEGA BAJA,1 CALLE B,411927,1583
ARECIBO,1 CALLE DIAMANTE,346883,2171
DORADO,1 CALLE GARNET,198550,1275
VEGA BAJA,1 CALLE METEORO,484230,1428
ISABELA,1 CALLE REV PEDRO PADILLA,244009,2436
MAYAGUEZ,1 CALLE RIERA PALMER,271968,1816
JAYUYA,1 CALLE ROBLES,333197,1372
MILFORD,1 CAMPFIELD CIR,132342,2048
LINWOOD,1 CANDLEWOOD CT,414066,2709
RIVERTON,1 CENTER HILL RD,497047,1311
SCARSDALE,1 FERNCLIFF RD,300978,1950
BENNINGTON,1 FURAHY RD,182069,1909
HARTFORD,1 GOLD ST APT 25D,309280,2742
WESTBROOK,1 GOODSPEED DR,268316,2676
CHESTER,1 GOULD CIR,400290,1522
PINEVILLE,1 HAMMACK LN,425601,2261
HAMPTON,1 HAMPTON UNIVERSITY,241041,2062
ATTALLA,1 JACOBS LN,106476,2398
SHARON,1 JELNNS RD,287485,3154
BENTON,1 HEEMOE LN,385234,2858
PINCKARD,1 HIGHLANDS CT,337831,1486
WETUMPKA,1 HIGHLANDS CT,154778,1555
ALISO VIEJO,1 HIGHPARK PL,191708,1635
EVA,1 HUDGINS RD,340624,1228
ARGYLE,1 HUGHES CIR,488797,2388
SYCAMORE,1 DEER TRACE LN,128059,2149
JERSEY CITY,1 BRITTON ST APT B5,487721,1750
SANDWICH,1 BUCKINGHAM DR,431554,2185
VEGA BAJA,1 CALLE 10 DE SABANA,118522,1699
VEGA BAJA,1 CALLE 100,192183,2794
BARCELONETA,1 CALLE 11,264265,1288
COLONIA,1 E GRANT AVE,231029,2727
HOUSTON,1 E GREENWAY PLZ STE 1010,290268,1887
MILLBURY,1 ELIZABETH DR,244897,3089
WEBSTER,1 LONGVIEW AVE,228211,1350
HOBOKEN,1 MARINE VIEW PLZ APT 2649 # 22E,409249,3031
CARVER,1 MAYFLOWER RD,187333,3021
CEDAR KNOLLS,1 MCAOUK TER,137070,2095
CRANBURY,1 MCBRIL CT,151148,2589
BROOKSIDE,1 MICHAELS LN,284815,1399
CLAYTON,1 MICHAELS LN,215365,2264
ELMORE,1 MT HEBRON RD,329719,1715
DALEVILLE,1 KINGS CT,423003,2006
MOUNT IDA,1 LAKEFRONT DR,400088,2908
AUBURN,1 LEPIDOLITE CT,361141,3162
STEELVILLE,1 LETICE RD,360339,1327
LAFAYETTE,1 LEWISBURG RD,110055,3157
HUDSON,1 OLD ROUTE 82,430713,2202
LEBANON,1 OLD ROUTE 89,228873,1578
GREENWICH,1 PEMBROKE IS,278078,2486
ALSTEAD,1 PINE NEEDLES ESTATES WAY,205740,1636
UNION,1 PRAIRIE DELL TRAILER CT,323128,2165
TRAVELERS REST,1 RENFREW ALLEY A,151353,2501
ARECIBO,1 REPTO EL MAESTRO,472115,1712
BARCELONETA,1 REPTO JULIO,237892,1985
LOWELLVILLE,1 N OWEPRA RD,242447,2466
NEWARK,1 N PARK PL RM 30,469804,3061
PRINCETON,1 NORBRIDGE DR,456344,2664
PASADENA,1 OAK KNOLL GARDENS DR,233437,2482
COLLEGE STATION,1 TEXAS A AND M UNIV,334333,3173
COLONIA,1 WESTMINSTER RD,348702,1673
MATTAPAN,1 WESTMORE RD,119984,2494
RIDGEFIELD,1 WESTMORELAND RD,186039,2954
NASHVILLE,1 TN DEPT HUMAN SERVICES,159081,2275
NASHVILLE,1 TN DEPT OF EMPLOYMENT,126306,2386
GARDEN VALLEY,1 VALLEY VIEW HEIGHTS DR,171998,1860
LYNDONVILLE,1 VIGEME RD,424486,2676
SPENCER,1 WALL ST,425121,3080
AGUADA,1 RES AGUADA GDNS,255323,2686
GUAYANILLA,1 RES BAHIA II,178341,2666
VEGA ALTA,1 RES ESPINOSA,154164,2304
JEWETT CITY,1 RIVERVIEW AVE,246473,1319
GREENWICH,1 RIVERVIEW CT,292954,1714
HACKENSACK,1 ROSS AVE,416776,2832
GLENOLDIN,1 S WELLS AVE,459247,1955
BUSHTON,100 AVENUE D,420969,2240
ELBA,100 BEAVER DAM ST APT 1134,345779,2905
ELBA,100 BEAVER DAM ST APT 902,166705,2859
AKRON,100 BEAVER RD,391650,1829
HUNTSVILLE,100 BROWN ST NW,246731,2790
CRANSTON,100 BROWNE ST,462946,2294
WILMINGTON,1 WOOD RD,150002,2637
PEAKS ISLAND,1 WOODS RD,213854,3076
MAYAGUEZ,10 AVE LOS MAESTROS,363270,2546
ARECIBO,10 CALLE B VILLAS DE BUENAVENTURA,372358,2908
VEGA BAJA,10 CALLE BRAZIL,262393,2833
GUANICA,10 CALLE C,262399,2745
SAINT REGIS FALLS,1 OLD ROUTE 72,450492,2977
NOTRE DAME,1 SECURITY BUILDING,111682,2537
BOSTON,1 SOUTHAMPTON ST,381744,3055
SPRINGFIELD,1 STAFFORD ST STE 2,118374,2214
JACKSONVILLE,10 GREENBRIAR DR APT 5B,278878,2521
HAVERHILL,10 MILL ST,243666,2428
MILL VALLEY,10 MILLAND DR APT 11B,295973,1376
MILL VALLEY,10 MILLAND DR APT 7C,471371,2914
DEMOREST,100 HABERSHAM MILLS VILLAGE DR,453273,2872
MAHASKA,100 HAHSOM AVE,261433,1216
SKWENTNA,100 MAIN ST,321747,2577
MACON,100 MEADOWVIEW DR,478398,1625
HEMPSTEAD,100 HOFSTRA UNIVERSITY,244465,2454
CARY,100 HYDE PARK CT,126627,2735
JAMESTOWN,100 IGLINY RD,277279,2145
KINDER,100 IGNCHO RD,315725,1839
GEORGETOWN,100 DRAYTON ISLAND FERRY RD,244379,2337
EUTAW,100 DRUMMONDS LN,495038,1330
BRONX,100 ERSKINE PL APT 6F,298336,1267
MORGANTON,100 FORGE MILL ESTATES DR,328836,3087
WELTON,10 SAPSIDE INN LN,377567,3063
SPRINGFIELD,10 WILL DEAN RD APT 31,322797,1567
SPRINGFIELD,10 WILL DEAN RD APT 37,107818,2171
SPRINGFIELD,10 WILL DEAN RD APT 39,116243,3006
LONEDELL,100 7 SPRINGS CT,228483,2088
MERMENTAU,100 7TH ST,464366,2952
OZARK,100 ANDREWS AVE,152964,2914
MARBLE FALLS,100 APPALOOSA DR,135246,2187
SCRANTON,100 LACKAWANNA AVE RM 108,293520,1509
MAYAGUEZ,100 CALLE ENRIQUE VAZQUEZ BAEZ,204288,3054
VEGA BAJA,100 CALLE ESCAMBRON,350901,2800
CABO ROJO,100 CALLE GUARIONEX,198570,3177
HOUSTON,1000 COUNTRY PLACE DR APT 15,247420,1668
HOUSTON,1000 COUNTRY PLACE DR APT 36,121403,2929
BEACH HAVEN,1000 N BAY AVE APT 6M,207019,2451
HEPHZIBAH,1000 STOREY MILL ESTATE LN,422969,3123
GRACEWOOD,100 MYRTLE BLVD,322742,1929
ROSLINDALE,100 NEPONSET AVE,158125,2353
FLEETWOOD,100 NEW RIVER BRIDGE RD,439933,1572
BOONE,100 NEW RIVER HEIGHTS RD,291652,1542
DOVER,100 OSBOURNE LN,352045,1980
SPRINGVILLE,100 OWEN DR,118645,2725
WARRIOR,100 PINEDALE DR,198782,1469
RUNAWAY BAY,100 RATLIFF DR UNIT 101,202439,2662
GRAYSLAKE,100 S ATKINSON RD STE 100,215767,2234
SPARTANBURG,100 SIFICT DR,363102,3034
SWANSBORO,100 SILVER CREEK LANDING RD,226740,3009
WESTMINSTER,100 SIMPLEX DR,461949,2571
PILOT MOUNTAIN,100 TOMS CREEK BLUFF LN,155278,3117
BURR RIDGE,100 TOWER DR STE 117,319916,2011
MOUNT SUMMIT,100 W MAIN ST,333591,1914
NAPERVILLE,100 WATERFORD CT,246883,1481
GRAND RAPIDS,1000 ADA PLACE DR SE,388651,2225
DALLAS,10014 REGAL PARK LN APT 109I,386894,2343
PEGGS,10014 W 632 RD,379377,1592
ADA,10015 FULTON ST E,397000,1857
HIALEAH,1003 W 36TH PL,334564,2779
PANTEGO,1003 W ABRAM ST,136431,2867
TERRYTOWN,1005 ROMAIN,469539,1894
LAMPASAS,1006 E AVENUE I,325648,1626
STERRETT,100 CHESHIRE RD,445599,1643
TALLADEGA,100 COOPERS LN,151973,1561
BOLIGEE,100 COUNTRY LANE RD,150421,1269
BESSEMER,100 COUNTRYSIDE LN,446500,1728
CODEN,100 DANIELS DR,497274,2032
BELLEVILLE,1000 BELLE VALLEY DR APT 1,367998,2354
ABERNATHY,101 AVENUE B,409301,1274
PHIL CAMPBELL,101 BETTYS BLVD,387198,2190
BROOKLEY FIELD,1007 W MAIN,319890,2070
ALBERTVILLE,101 W DONS AVE,126535,1696
COLLINSVILLE,101 W DONS AVE,352638,2818
NEW YORK,101 W END AVE FRNT 4,330689,1636
SARDIS,101 BOBWHITE DR,339180,2536
DEATSVILLE,101 BOND RD,120548,2244
MAYAGUEZ,101 CALLE CONCORDIA,105991,2431
AGUADA,101 CALLE SAN NARCISO,394024,2958
EQUALITY,101 DAYS RD,434947,2930
HONESDALE,1001 TEXAS PALMYRA HWY,123930,3127
GAINESVILLE,1001 THRASHER RD,459919,3053
BORGER,1001 TILDRA ST,191067,2986
SAINT LOUIS,101 S HANLEY RD STE 300,236846,2996
CORUNNA,101 S JOEHTS ST,288057,1430
WALHALLA,10085 119TH AVE NE,473947,1576
BOWMAN,1009 W DIVIDE,344098,2169
HINDSBORO,101 2ND ST,349347,2553
HUNTSVILLE,1001 AVENUE G,393103,1710
COLUMBIA,1001 AVENUE I,294168,1819
NORFOLK,1001 AVENUE I,289187,1366
GAINESVILLE,1001 PARK HILL DR APT A1,490912,2249
ASHEVILLE,1001 PATTON AVE STE A,342067,3185
PLANO,101 E PARK BLVD STE 467,155931,1880
HUNTSVILLE,101 FIGHTER JET JUMPOFF PMB 10053,448495,3155
FORKLAND,101 HALLS AVE,182088,3063
ELKMONT,101 MICHAELS LN,476246,1410
HOUSTON,101 MICHAELS LN,442855,1536
IRVINGTON,101 MICHAELS LN,499200,1598
ARLEE,101 OLD US HIGHWAY 93,126377,2136
JENKINTOWN,101 OLD YORK RD STE 101,225846,1201
OAKLAND,1013 HARRISON ST STE 206,362512,3050
SOUTH WEYMOUTH,1014 FRONT ST,294160,1759
HOUSTON,10157 WESTVIEW DR APT 1,340578,1636
MAKANDA,1016 STONE CREEK DR,313843,1373
CLEWISTON,1016 US 27,311054,1215
MOBILE,1016 W WOODLAWN DR APT 125,168094,2210
BUDE,102 W RAILROAD AVE,312765,2751
HAMDEN,102 W WOODS RD,298869,2544
ASHLEY,10171 64TH AVE SE,146252,1937
AUSTIN,10186 OAK HOLLOW CIR,359574,1842
ARGYLE,102 ANTIOCH CHURCH RD,219788,2379
JERSEY CITY,102 CORBIN AVE APT C4,270347,1513
BROOKFIELD,102 CORPORATE DR,403133,2048
YORK,102 DICKERSON ST,242342,2848
AUSTIN,10104 TREASURE ISLAND DR,456804,2541
UPPER MARLBORO,10106 CAMPUS WAY S APT 101U,429834,2297
HOUSTON,10110 FORUM PARK DR APT 101,338133,1820
EDWARDS,10115 N VOORHEES RD,431174,1593
OMAHA,1031 CHILDS RD W,311256,1925
WEST PALM BCH,10322 FOX TRAIL RD S,213456,1311
SAN ANTONIO,10322 RISEN BAY,248046,2108
SAN DIEGO,10323 AZUAGA ST UNIT AY-281,324276,3004
TIOGA,10348 76TH ST NW,191711,1315
MERKEL,10349 FM 89,329507,1890
MILWAUKEE,101 HWY BLVD S,270509,1645
DOWAGIAC,101 JOOSIS AVE,366303,2652
CHESTER,101 LONG BOW CIR,424901,1383
FISHERS,10200 GOLDEN AVE,452940,2340
AUSTIN,10201 MCKALLA PL STE A,306197,1676
PHOENIX,10201 N 35TH AVE STE 1600 # 11148,257543,2015
AMBROSE,10214 131ST AVE NW,463471,1637
RISON,10215 HIGHWAY 35 N,482317,2208
MESA,1030 S DOBSON RD APT 740,311371,2768
BRONX,1040 ANDERSON AVE APT 4O,380314,1313
DURANGO,1041 GOEGLEIN GULCH,158506,3169
BRIGHAM CITY,1042 W 3450 S,144936,2233
JEFFERSON,1042 WAPITI,275319,2546
HUNTSVILLE,1042 WINCHESTER RD NE STE 303,267363,2535
HOBOKEN,105 13TH ST APT 4A,392358,3185
HOBOKEN,105 13TH ST APT 5B,104993,1514
VEGA ALTA,103 CALLE CIELO ESMERALDA,185951,2557
WALDWICK,103 FRANKLIN TPKE,453164,1254
WORCESTER,1022 COUNTY HIGHWAY 38,407947,2731
ELKHART,1023 AN COUNTY ROAD 163 # 4079,338886,1771
FRESNO,1023 E DAYTON AVE,101384,3183
BAY CITY,1023 FM 2540 S,377145,3025
YOUNGSTOWN,1024AP MAHONING AVE STE 8,183806,2497
CORNING,1025 11TH ST,266458,2676
HOBOKEN,1026 WASHINGTON ST APT 5F # 1887,272952,1433
SAINT PETERSBURG,10273 53RD AVE N,417804,2357
CAPE CANAVERAL,105 COCOA PALMS AVE,140540,3014
BALTIMORE,105 N GAY ST RM B,138010,2279
BALTIMORE,105 N GAY ST RM E,331953,2227
BALTIMORE,105 N GAY ST RM J,182890,1821
MACCLENNY,10370 SAINT MARYS CIR E,302244,1639
HUNTSVILLE,10371 PICADILLY LN SW,287178,2641
HAMPTON,10392 SW 106TH AVE,459179,1902
ISABELA,104 CALLE 9,399049,2536
NORWOOD,104 PIERMONT RD,146445,1890
CEDAR RAPIDS,1064 23RD ST SE,481269,1439
ALAMO HEIGHTS,1064 AUSTIN HWY,234363,2492
EAST GREENWICH,1064 DIVISION RD,112684,2291
HUNTSVILLE,1067 CHURCH ST NW,217875,2096
FORT WAYNE,1067 E RUDISILL BLVD,213346,2654
BRIDGE CITY,1069 VIVIAN ST,325914,1355
ISABELA,107 AVE ESTACION,222285,2532
ALBANY,105 WOLF RD STE 2,493891,2001
AUMSVILLE,10503 PORTER RD SE,182314,2329
SEATTLE,10503 VICTORY LN NE,465670,2026
DENVER,10503 W 50TH AVE,450155,2039
PIPESTONE,1053 4TH AVE SW,353087,1887
KOUNTZE,1053 ALLUMS ST,156109,2261
BARNEVELD,10548 STATE ROUTE 365 # 2126,377675,2976
DAZEY,10554 16TH ST SE,179391,2821
BOSTON,1057AO COMMONWEALTH AVE,193092,1503
DOVER,105A BASSETT HWY,471950,2337
RIDLEY PARK,105AT E WARD ST STE 2,419075,3124
FORT WALTON BEACH,105B LEWIS ST REAR,145624,1384
CRANSTON,106 ROLFE SQ STE 201,263777,1995
MANCHESTER,106 S 5TH AVE APT 2 PMB 3733,427778,3149
SEATTLE,10608 WOODLEY AVE S,290120,1450
PORTAL,10612 93RD AVE NW,356146,2120
RIO GRANDE CITY,1046 N AVASOLO ST,310359,2893
TEKAMAH,1048 COUNTY ROAD 29 PMB 22549,109853,2080
PORT HURON,1048 COURT ST,203664,3000
COVINA,1048 E NAVILLA PL,443943,2984
FORTUNA,10733 136TH AVE NW,197341,1200
ROGERS,10733 22ND ST SE,269017,3076
CHESHIRE,1075 WATERBURY RD,455211,2442
BROOKLYN,1076 OVINGTON AVE,399135,1441
GROVELAND,107 WASHINGTON ST,409069,2556
JEFFERSON,10712 HIGHWAY 151,375758,2341
AUSTIN,10712 NEWMONT RD,355719,2807
SAVANNAH,10714 ABERCORN ST APT 13A,365094,1297
NORWALK,11 BELDEN AVE STE 3,180352,2164
GREENSBORO,11 BELLS CIR,109186,2553
CRANFORD,11 COMMERCE DR STE 203 # 2029,342934,2527
CICERO,11 E NEAL ST,154482,1466
BELLEVUE,10801 MAIN ST STE 100M,303793,1521
MANHATTAN,107 EJ FRICK DR,329321,2738
WEST NEWTON,107 ELIOT AVE,124343,2066
STAMFORD,107 ELM ST FL 9-1,364209,1808
GARLAND,1078 W AVENUE E,273316,1366
LINDEN,1078 W HENRY ST,196699,1842
TABERNASH,108203 BEREDALM,381635,3180
GRAND JUNCTION,1083 RAILROAD ST E,276830,2153
WYOMING,108 BUTLER ST,366919,1463
WHITING,108 LACEY RD STE 38,118847,1813
MARLBOROUGH,108 LEOLEIS DR,473971,2620
CHARLEROI,108 LINCOLN AVE EXT,242132,1471
TINTON FALLS,11 MERRICK RD,176812,1956
ROSLINDALE,11 MEYER,424795,2799
SLATON,10863 W FM 2150,116651,3097
LAWTON,10878 64TH ST NE,473039,2302
BELLE CENTER,1090 W 34TH ST,143612,2212
KIRKLAND,10910 108TH AVE NE,227901,1539
HOUSTON,10910 WEST RD OFC OFC,475625,3161
SAN ANTONIO,10911 HAMLEN PARK DR S,289640,1945
HUNTSVILLE,1094 RIVERCHASE RD SE,125336,2632
GRAND RAPIDS,1094 SANTA CRUZ DR SE,377467,2735
BRIGHAM CITY,1096 N 800 W,382175,1471
SEATTLE,1097 W FULTON ST,197676,1945
BROOKVILLE,1099 JEFFERSON RD,206884,1782
FENTON,1099A HEADQUARTERS PARK,371730,1604
HURST,1138 VALLEY VIEW DR,100464,1269
WEST PALM BEACH,1138 WYNNEDALI,235177,1586
ATCO,114 HAYES MILL RD APT A111,265182,1500
ATCO,114 HAYES MILL RD APT A211,497024,2109
BOONVILLE,11772 STATE ROUTE 12,139249,3051
SEATTLE,11782 MERIDIAN AVE N,102278,1614
PONTIAC,1204 COLONY LN,272423,1851
SAINT LOUIS,12051 CASTILON AVE,250817,1940
SAINT LOUIS,12052 SAN RICARDO CT APT 1,222290,2903
HARRISBURG,12053 N ROUTE E,396987,1938
ITHACA,111 W HILL CIR APT 1,326797,2072
FERGUS FALLS,111 W LINCOLN AVE STE 100,154598,1745
ATCO,114 HAYES MILL RD OFC A,328751,1961
BRIDGETON,114 S PINE ST,358065,2879
AMITY HARBOR,118 COOLIDGE AVE,368797,1849
BROWNWOOD,118 S PARK DR STE A,116489,2546